<?xml version="1.0" encoding="ISO-8859-1"?>
<metadata>
	<idinfo>
		<citation>
			<citeinfo>
				<origin>REQUIRED: The name of an organization or individual that developed the data set.</origin>
				<pubdate>REQUIRED: The date when the data set is published or otherwise made available for release.</pubdate>
				<title Sync="TRUE">tx_terrain_colorramp_tsms.tif</title>
				<geoform Sync="TRUE">remote-sensing image</geoform>
				<onlink Sync="TRUE">\\NEPTUNE\GIS\Recommended_GIS_data\State_and_Regional_Mapping_Data\Images for State Maps\tx_terrain_colorramp_tsms.tif</onlink>
				<ftname Sync="TRUE">tx_terrain_colorramp_tsms.tif</ftname></citeinfo>
		</citation>
		<descript>
			<abstract>Texas Terrain (Hillshade + Color ramp)
These image files were created from 1:250,000 Texas DEM GRID by overlaying polygon coverages when necessary. The orginal thematic maps were prepared in ArcMap then exported as JPEG files in 450 dpi resolution. The JPEG images were then georeferrenced (registered) in ArcInfo GIS system. TIFF format files were generated by converting the JPEG images into TIFF within ArcInfo GIS.</abstract>
			<purpose>Background image for agency maps,</purpose>
			<supplinf>
Map Projection Information

Projection              LAMBERT
Datum                     NAD83
Zunits                   METERS
Units                    METERS             Spheroid                GRS1980
Parameters:
1st standard parallel                                   27 25  0.000
2nd standard parallel                                   34 55  0.000
Continue?
central meridian                                       -100  0  0.00
latitude of projection's origin                         31 10  0.000
false easting (meters)                                 1000000.00000
false northing (meters)                                1000000.00000
</supplinf>
			<langdata Sync="TRUE">en</langdata></descript>
		<timeperd>
			<timeinfo>
				<sngdate>
					<caldate>01/31/2001</caldate>
				</sngdate>
			</timeinfo>
			<current>publication date</current>
		</timeperd>
		<status>
			<progress>Complete</progress>
			<update>None planned</update>
		</status>
		<spdom>
			<bounding>
				<westbc>REQUIRED: Western-most coordinate of the limit of coverage expressed in longitude.</westbc>
				<eastbc>REQUIRED: Eastern-most coordinate of the limit of coverage expressed in longitude.</eastbc>
				<northbc>REQUIRED: Northern-most coordinate of the limit of coverage expressed in latitude.</northbc>
				<southbc>REQUIRED: Southern-most coordinate of the limit of coverage expressed in latitude.</southbc>
			</bounding>
			<lboundng><leftbc Sync="TRUE">319353.204118</leftbc><rightbc Sync="TRUE">1669819.851718</rightbc><bottombc Sync="TRUE">413364.187779</bottombc><topbc Sync="TRUE">1595008.077916</topbc></lboundng></spdom>
		<keywords>
			<theme>
				<themekt>Hillshade</themekt>
				<themekey>Texas Terrain </themekey>
			</theme>
		</keywords>
		<accconst>none</accconst>
		<useconst>none</useconst>
		<datacred>1:250,000 Texas DEM GRID</datacred>
		<native Sync="TRUE">Microsoft Windows XP Version 5.1 (Build 2600) Service Pack 1; ESRI ArcCatalog 9.0.0.535</native>
		<natvform Sync="TRUE">Raster Dataset</natvform></idinfo>
	<spdoinfo>
		<direct Sync="TRUE">Raster</direct>
		<rastinfo>
			<rasttype Sync="TRUE">Pixel</rasttype>
			<rowcount Sync="TRUE">3150</rowcount>
			<colcount Sync="TRUE">3600</colcount>
			<vrtcount Sync="TRUE">1</vrtcount>
			<rastxsz Sync="TRUE">375.129624</rastxsz><rastysz Sync="TRUE">375.125044</rastysz><rastbpp Sync="TRUE">8</rastbpp><rastorig Sync="TRUE">Upper Left</rastorig><rastcmap Sync="TRUE">FALSE</rastcmap><rastcomp Sync="TRUE">None</rastcomp><rastband Sync="TRUE">3</rastband><rastdtyp Sync="TRUE">pixel codes</rastdtyp><rastplyr Sync="TRUE">TRUE</rastplyr><rastifor Sync="TRUE">TIFF</rastifor></rastinfo>
	</spdoinfo>
	<spref>
		<horizsys>
			<planar>
				<planci>
					<plance Sync="TRUE">row and column</plance>
					<coordrep>
						<absres Sync="TRUE">375.129624</absres>
						<ordres Sync="TRUE">375.125044</ordres>
					</coordrep>
					<plandu Sync="TRUE">meters</plandu></planci>
				<mapproj><mapprojn Sync="TRUE">Lambert Conformal Conic</mapprojn><lambertc><stdparll Sync="TRUE">27.416667</stdparll><stdparll Sync="TRUE">34.916667</stdparll><longcm Sync="TRUE">-100.000000</longcm><latprjo Sync="TRUE">31.166667</latprjo><feast Sync="TRUE">1000000.000000</feast><fnorth Sync="TRUE">1000000.000000</fnorth></lambertc></mapproj></planar>
			<cordsysn><geogcsn Sync="TRUE">GCS_North_American_1983</geogcsn><projcsn Sync="TRUE">Lambert Conformal Conic</projcsn></cordsysn><geodetic><horizdn Sync="TRUE">North American Datum of 1983</horizdn><ellips Sync="TRUE">Geodetic Reference System 80</ellips><semiaxis Sync="TRUE">6378137.000000</semiaxis><denflat Sync="TRUE">298.257222</denflat></geodetic></horizsys>
	</spref>
	<distinfo>
		<resdesc>Downloadable Data</resdesc>
		<stdorder>
			<digform>
				<digtinfo>
					<transize Sync="TRUE">32.493</transize>
					<dssize Sync="TRUE">32.493</dssize></digtinfo>
			</digform>
		</stdorder>
	</distinfo>
	<metainfo>
		<metd Sync="TRUE">20050708</metd>
		<metc>
			<cntinfo>
				<cntorgp>
					<cntorg>REQUIRED: The organization responsible for the metadata information.</cntorg>
					<cntper>REQUIRED: The person responsible for the metadata information.</cntper>
				</cntorgp>
				<cntaddr>
					<addrtype>REQUIRED: The mailing and/or physical address for the organization or individual.</addrtype>
					<city>REQUIRED: The city of the address.</city>
					<state>REQUIRED: The state or province of the address.</state>
					<postal>REQUIRED: The ZIP or other postal code of the address.</postal>
				</cntaddr>
				<cntvoice>REQUIRED: The telephone number by which individuals can speak to the organization or individual.</cntvoice>
			</cntinfo>
		</metc>
		<metstdn Sync="TRUE">FGDC Content Standards for Digital Geospatial Metadata</metstdn>
		<metstdv Sync="TRUE">FGDC-STD-001-1998</metstdv>
		<mettc Sync="TRUE">local time</mettc>
		<metextns>
			<onlink>http://www.esri.com/metadata/esriprof80.html</onlink>
			<metprof>ESRI Metadata Profile</metprof>
		</metextns>
		<langmeta Sync="TRUE">en</langmeta><metextns><onlink Sync="TRUE">http://www.esri.com/metadata/esriprof80.html</onlink><metprof Sync="TRUE">ESRI Metadata Profile</metprof></metextns></metainfo>
	<Esri><MetaID>{8891CB5B-6D22-4CAF-90ED-52FEA3142E23}</MetaID><CreaDate>20040524</CreaDate><CreaTime>14154000</CreaTime><SyncOnce>FALSE</SyncOnce><SyncDate>20050708</SyncDate><SyncTime>09113700</SyncTime><ModDate>20050708</ModDate><ModTime>09113700</ModTime><DataProperties><lineage><Process Name="DefineProjection_1" ToolSource="C:\Program Files\ArcGIS\ArcToolbox\Toolboxes\Data Management Tools.tbx\DefineProjection" Date="20050617" Time="080921">DefineProjection "L:\Recommended_GIS_data\State_and_Regional_Mapping_Data\Images for State Maps\tx_terrain_colorramp_tsms.tif" PROJCS['Custom',GEOGCS['GCS_North_American_1983',DATUM['D_North_American_1983',SPHEROID['GRS_1980',6378137.0,298.257222101]],PRIMEM['Greenwich',0.0],UNIT['Degree',0.0174532925199433]],PROJECTION['Lambert_Conformal_Conic'],PARAMETER['False_Easting',1000000.0],PARAMETER['False_Northing',1000000.0],PARAMETER['Central_Meridian',-100.0],PARAMETER['Standard_Parallel_1',27.4166666666666],PARAMETER['Standard_Parallel_2',34.91666666666666],PARAMETER['Central_Parallel',31.166666666666],UNIT['Meter',1.0]] "L:\Recommended_GIS_data\State_and_Regional_Mapping_Data\Images for State Maps\tx_terrain_colorramp_tsms.tif"</Process></lineage></DataProperties></Esri><dataqual><lineage><procstep><procdesc Sync="TRUE">Metadata imported.</procdesc><srcused Sync="TRUE">C:\DOCUME~1\wwatson\LOCALS~1\Temp\xml2E2.tmp</srcused><date Sync="TRUE">20040524</date><time Sync="TRUE">14154000</time></procstep></lineage></dataqual><dataIdInfo><envirDesc Sync="TRUE">Microsoft Windows XP Version 5.1 (Build 2600) Service Pack 1; ESRI ArcCatalog 9.0.0.535</envirDesc><dataLang><languageCode Sync="TRUE" value="en"></languageCode></dataLang><idCitation><resTitle Sync="TRUE">tx_terrain_colorramp_tsms.tif</resTitle><presForm><PresFormCd Sync="TRUE" value="005"></PresFormCd></presForm></idCitation><spatRpType><SpatRepTypCd Sync="TRUE" value="002"></SpatRepTypCd></spatRpType><dataExt><geoEle><GeoBndBox esriExtentType="native"><westBL Sync="TRUE">319353.204118</westBL><eastBL Sync="TRUE">1669819.851718</eastBL><northBL Sync="TRUE">1595008.077916</northBL><southBL Sync="TRUE">413364.187779</southBL><exTypeCode Sync="TRUE">1</exTypeCode></GeoBndBox></geoEle></dataExt><geoBox esriExtentType="decdegrees"><westBL Sync="TRUE">-107.571439</westBL><eastBL Sync="TRUE">-92.548632</eastBL><northBL Sync="TRUE">36.534583</northBL><southBL Sync="TRUE">25.682111</southBL><exTypeCode Sync="TRUE">1</exTypeCode></geoBox></dataIdInfo><mdLang><languageCode Sync="TRUE" value="en"></languageCode></mdLang><mdStanName Sync="TRUE">ISO 19115 Geographic Information - Metadata</mdStanName><mdStanVer Sync="TRUE">DIS_ESRI1.0</mdStanVer><mdChar><CharSetCd Sync="TRUE" value="004"></CharSetCd></mdChar><mdHrLv><ScopeCd Sync="TRUE" value="005"></ScopeCd></mdHrLv><mdHrLvName Sync="TRUE">dataset</mdHrLvName><distInfo><distributor><distorTran><onLineSrc><orDesc Sync="TRUE">002</orDesc><linkage Sync="TRUE">file://\\NEPTUNE\GIS\Recommended_GIS_data\State_and_Regional_Mapping_Data\Images for State Maps\tx_terrain_colorramp_tsms.tif</linkage><protocol Sync="TRUE">Local Area Network</protocol></onLineSrc><transSize Sync="TRUE">32.493</transSize></distorTran><distorFormat><formatName Sync="TRUE">Raster Dataset</formatName></distorFormat></distributor></distInfo><spatRepInfo><GridSpatRep><numDims Sync="TRUE">2</numDims><cellGeo><CellGeoCd Sync="TRUE" value="002"></CellGeoCd></cellGeo><tranParaAv Sync="TRUE">1</tranParaAv><axDimProps><Dimen><dimName><DimNameTypCd Sync="TRUE" value="002"></DimNameTypCd></dimName><dimSize Sync="TRUE">3600</dimSize><dimResol><value Sync="TRUE">375.1296</value><uom><UomLength><uomName Sync="TRUE">Meter</uomName><conversionToISOstandardUnit Sync="TRUE">1 Meter = 1 Meter(s)</conversionToISOstandardUnit></UomLength></uom></dimResol></Dimen><Dimen><dimName><DimNameTypCd Sync="TRUE" value="001"></DimNameTypCd></dimName><dimSize Sync="TRUE">3150</dimSize><dimResol><value Sync="TRUE">375.125</value><uom><UomLength><uomName Sync="TRUE">Meter</uomName><conversionToISOstandardUnit Sync="TRUE">1 Meter = 1 Meter(s)</conversionToISOstandardUnit></UomLength></uom></dimResol></Dimen></axDimProps></GridSpatRep></spatRepInfo><mdDateSt Sync="TRUE">20050708</mdDateSt><refSysInfo><RefSystem><refSysID><identCode Sync="TRUE">Lambert Conformal Conic</identCode></refSysID></RefSystem></refSysInfo></metadata>
